sourceSystem,sourcePrimaryKey,golden_id
SAP,V100001,G00001
SAP,V100002,G00002
SAP,V100003,G00003
SAP,V100004,G00004
SAP,V100005,G00006
SAP,V100006,G00007
SAP,V100007,G00008
SAP,V100008,G00009
SAP,V100009,G00010
SAP,V100010,G00011
SAP,V100011,G00012
SAP,V100012,G00013
SAP,V100013,G00014
SAP,V100014,G00015
SAP,V100015,G00016
SAP,V100016,G00017
SAP,V100017,G00018
SAP,V100018,G00019
SAP,V100019,G00020
SAP,V100020,G00021
SAP,V100021,G00022
SAP,V100022,G00023
SAP,V100023,G00024
SAP,V100024,G00025
SAP,V100025,G00026
SAP,V100026,G00027
SAP,V100027,G00028
SAP,V100028,G00029
SAP,V100029,G00030
SAP,V100030,G00031
SAP,V100031,G00054
SAP,V100032,G00055
SAP,V100033,G00030
SAP,V100034,G00057
D365,CUST-000001,G00001
D365,CUST-000002,G00002
D365,CUST-000003,G00003
D365,CUST-000004,G00004
D365,CUST-000005,G00010
D365,CUST-000006,G00013
D365,CUST-000007,G00014
D365,CUST-000008,G00017
D365,CUST-000009,G00021
D365,CUST-000010,G00024
D365,CUST-000011,G00026
D365,CUST-000012,G00030
D365,CUST-000013,G00024
D365,CUST-000014,G00033
D365,CUST-000015,G00034
D365,CUST-000016,G00035
D365,CUST-000017,G00036
D365,CUST-000018,G00037
D365,CUST-000019,G00038
D365,CUST-000020,G00039
D365,CUST-000021,G00040
D365,CUST-000022,G00041
D365,CUST-000023,G00042
D365,CUST-000024,G00043
D365,CUST-000025,G00044
D365,CUST-000026,G00045
D365,CUST-000027,G00046
D365,CUST-000028,G00047
D365,CUST-000029,G00048
D365,CUST-000030,G00049
D365,CUST-000031,G00050
D365,CUST-000032,G00051
D365,CUST-000033,G00052
D365,CUST-000034,G00044
D365,CUST-000035,G00054
D365,CUST-000036,G00054
D365,CUST-000037,G00055
D365,CUST-000038,G00056
D365,CUST-000039,G00057
CRM,001TG00000001,G00001
CRM,001TG00000002,G00032
CRM,001TG00000003,G00034
CRM,001TG00000004,G00036
CRM,001TG00000005,G00037
CRM,001TG00000006,G00038
CRM,001TG00000007,G00039
CRM,001TG00000008,G00040
CRM,001TG00000009,G00042
CRM,001TG00000010,G00043
CRM,001TG00000011,G00046
CRM,001TG00000012,G00047
CRM,001TG00000013,G00048
CRM,001TG00000014,G00049
CRM,001TG00000015,G00050
CRM,001TG00000016,G00051
CRM,001TG00000017,G00052
CRM,001TG00000018,G00053
CRM,001TG00000019,G00055
CRM,001TG00000020,G00056
CRM,001TG00000021,G00057
ECOM,WEB-000001,G00032
ECOM,WEB-000002,G00033
ECOM,WEB-000003,G00038
ECOM,WEB-000004,G00049
ECOM,WEB-000005,G00051
ECOM,WEB-000006,G00052
ECOM,WEB-000007,G00054
ECOM,WEB-000008,G00055
ECOM,WEB-000009,G00056
ECOM,WEB-000010,G00057
ECOM,WEB-000011,G00036
ECOM,WEB-000012,G00043
PORTAL,SUP-00001,G00005
