sourceSystem,sourcePrimaryKey,material_type,description,base_uom,gtin,producing_market,market_extensions,status,recycled_content_pct,esg_material_class,case_qty,pallet_cases
SAP,FG00001,FG,TALLGRASS AMBER LAGER 12OZ CAN 6PK,PK,0216637550812,US,US|CA,Active,,,4,72
SAP,FG00002,FG,TALLGRASS AMBER LAGER 12OZ CAN 12PK,PK,0579518743872,US,US|CA,Active,,,4,72
SAP,FG00003,FG,TALLGRASS PRAIRIE IPA 12OZ CAN 6PK,PK,0060110189200,US,US|CA,Active,,,4,72
SAP,FG00004,FG,TALLGRASS PRAIRIE IPA 12OZ CAN 12PK,PK,0930690261330,US,US,Active,,,4,60
SAP,FG00005,FG,TALLGRASS PRAIRIE IPA 16OZ CAN 4PK,PK,0421708364186,US,US,Active,,,4,80
SAP,FG00006,FG,TALLGRASS PRAIRIE IPA 12OZ BOTTLE 6PK,PK,0351487592077,US,US|CA,Active,,,4,60
SAP,FG00007,FG,TALLGRASS WHEAT ALE 12OZ CAN 6PK,PK,0674374417360,US,US|CA,Active,,,,
SAP,FG00008,FG,TALLGRASS WHEAT ALE 12OZ CAN 12PK,PK,0661035742459,US,US,Active,,,4,72
SAP,FG00009,FG,TALLGRASS WHEAT ALE 16OZ CAN 4PK,PK,0672569207321,US,US|CA,Active,,,4,80
SAP,FG00010,FG,TALLGRASS WHEAT ALE 12OZ BOTTLE 6PK,PK,0228282820301,US,US|CA,Active,,,4,60
SAP,FG00011,FG,TALLGRASS HARD SELTZER LIME 12OZ CAN 6PK,PK,0665688160509,US,US|CA,Active,,,4,60
SAP,FG00012,FG,TALLGRASS HARD SELTZER LIME 12OZ CAN 12P,PK,0532838744295,US,US,Active,,,4,72
SAP,FG00013,FG,tallgrass Hard Seltzer Lime 16Oz Can 4Pk xx,PK,0922027073556,US,US|CA,Active,,,4,72
SAP,FG00014,FG,TALLGRASS ROOT BEER 12OZ CAN 6PK,PK,0705611601768,US,US,Active,,,4,80
SAP,FG00015,FG,TALLGRASS ROOT BEER 12OZ CAN 12PK,PK,0290143959697,US,US|CA,Active,,,4,60
SAP,FG00016,FG,TALLGRASS ROOT BEER 16OZ CAN 4PK,PK,0365155603585,US,US|CA,Active,,,4,60
SAP,FG00017,FG,TALLGRASS ROOT BEER 12OZ BOTTLE 6PK,PK,0406635512062,US,US|CA,Active,,,4,60
SAP,FG00018,FG,TALLGRASS COLD BREW 12OZ CAN 6PK,PK,0191506119683,US,US,Active,,,,
SAP,FG00019,FG,TALLGRASS COLD BREW 12OZ CAN 12PK,PK,0439685060436,US,US|CA,Active,,,4,72
SAP,FG00020,FG,tallgrass Cold Brew 16Oz Can 4Pk xx,PK,0705187932617,US,US,Active,,,,
SAP,FG90001,FG,TALLGRASS AMBER LAGER 12OZ CAN 6PK,PK,0850001234566,US,US,Under Creation,,,4,72
SAP,PK00001,PKG-LABEL,LABEL 12oz TG spec 1,EA,,US,US,Active,0,Paper,,
SAP,PK00002,PKG-LABEL,LABEL 16oz TG spec 2,EA,,US,US,Active,50,Paper,,
SAP,PK00003,PKG-LABEL,LABEL 12oz TG spec 3,EA,,US,US,Active,,,,
SAP,PK00004,PKG-LABEL,LABEL 500ml TG spec 4,EA,,US,US,Active,25,Paper,,
SAP,PK00005,PKG-CAN,CAN 12oz TG spec 5,EA,,US,US,Active,70,Aluminium,,
SAP,PK00006,PKG-BOTTLE,BOTTLE 12oz TG spec 6,EA,,US,US,Active,50,Glass,,
SAP,PK00007,PKG-CARTON,CARTON 500ml TG spec 7,EA,,US,US,Active,0,Paperboard,,
SAP,PK00008,PKG-LABEL,LABEL 330ml TG spec 8,EA,,US,US,Active,,,,
SAP,PK00009,PKG-CAN,CAN 16oz TG spec 9,EA,,US,US,Active,,,,
SAP,PK00010,PKG-BOTTLE,BOTTLE 330ml TG spec 10,EA,,US,US,Active,,,,
SAP,PK00011,PKG-CARTON,CARTON 16oz TG spec 11,EA,,US,US,Active,50,Paperboard,,
SAP,PK00012,PKG-CARTON,CARTON 500ml TG spec 12,EA,,US,US,Active,85,Paperboard,,
SAP,RM00001,RAW,Water treatment lot spec 1,KG,,US,US,Active,,,,
SAP,RM00002,RAW,Cane sugar lot spec 2,KG,,US,US,Active,,,,
SAP,RM00003,RAW,Hops Citra lot spec 3,KG,,US,US,Active,,,,
SAP,RM00004,RAW,Lime concentrate lot spec 4,KG,,US,US,Active,,,,
SAP,RM00005,RAW,Hops Citra lot spec 5,KG,,US,US,Active,,,,
SAP,RM00006,RAW,Cane sugar lot spec 6,KG,,US,US,Active,,,,
SAP,RM00007,RAW,Malt barley lot spec 7,KG,,US,US,Active,,,,
SAP,RM00008,RAW,CO2 food grade lot spec 8,KG,,US,US,Active,,,,
SAP,RM00009,RAW,Hops Cascade lot spec 9,KG,,US,US,Active,,,,
SAP,RM00010,RAW,Corn syrup lot spec 10,KG,,US,US,Active,,,,
SAP,MR00001,MRO,Gasket set 1,EA,,US,US,Active,,,,
SAP,MR00002,MRO,Pump seal 2,EA,,US,US,Active,,,,
SAP,MR00003,MRO,Filler valve kit 3,EA,,US,US,Active,,,,
SAP,MR00004,MRO,Forklift battery 4,EA,,US,US,Active,,,,
SAP,MR00005,MRO,Conveyor belt 5,EA,,US,US,Active,,,,
SAP,MR00006,MRO,Forklift battery 6,EA,,US,US,Active,,,,
SAP,MR00007,MRO,Conveyor belt 7,EA,,US,US,Active,,,,
SAP,MR00008,MRO,Gasket set 8,EA,,US,US,Active,,,,
