sourceSystem,sourcePrimaryKey,vendor_key,posting_date,amount_usd,category,payment_terms
SAP,INV-000001,V100001,2026-04-01,60577.98,Labels,NT60
SAP,INV-000002,V100001,2026-06-01,49288.39,Labels,NT60
SAP,INV-000003,V100001,2026-01-30,36672.61,Aluminium cans,NT60
SAP,INV-000004,V100002,2026-01-19,13023.88,Labels,NT60
SAP,INV-000005,V100002,2026-03-30,89268.23,Freight,NT60
SAP,INV-000006,V100002,2026-02-10,70722.11,Glass bottles,NT60
SAP,INV-000007,V100002,2026-07-31,47087.5,Glass bottles,NT60
SAP,INV-000008,V100002,2026-07-03,43513.94,Labels,NT60
SAP,INV-000009,V100002,2025-11-02,55599.28,Freight,NT60
SAP,INV-000010,V100002,2026-06-04,41160.41,Labels,NT60
SAP,INV-000011,V100002,2026-01-16,27862.17,Freight,NT60
SAP,INV-000012,V100002,2026-01-20,10689.74,Raw materials,NT60
SAP,INV-000013,V100002,2025-12-12,9231.73,Labels,NT60
SAP,INV-000014,V100002,2025-11-03,71337.3,Glass bottles,NT60
SAP,INV-000015,V100002,2026-07-21,16023.23,Aluminium cans,NT60
SAP,INV-000016,V100002,2025-11-22,60453.48,IT services,NT60
SAP,INV-000017,V100003,2026-09-01,81957.09,Aluminium cans,NT45
SAP,INV-000018,V100003,2026-02-04,33915.01,Freight,NT45
SAP,INV-000019,V100003,2026-09-17,15650.43,IT services,NT45
SAP,INV-000020,V100003,2026-09-24,81843.79,Raw materials,NT45
SAP,INV-000021,V100003,2026-05-03,33365.51,Cartons,NT45
SAP,INV-000022,V100003,2026-01-09,60117.62,Aluminium cans,NT45
SAP,INV-000023,V100003,2026-07-30,34263.33,Aluminium cans,NT45
SAP,INV-000024,V100003,2025-11-02,81247.95,Cartons,NT45
SAP,INV-000025,V100003,2026-06-15,10477.25,Maintenance,NT45
SAP,INV-000026,V100003,2026-03-05,88472.78,Freight,NT45
SAP,INV-000027,V100003,2026-07-07,75537.88,Freight,NT45
SAP,INV-000028,V100003,2026-05-15,20163.36,Glass bottles,NT45
SAP,INV-000029,V100004,2025-10-24,73534.72,Labels,NT30
SAP,INV-000030,V100004,2025-11-12,56795.93,IT services,NT30
SAP,INV-000031,V100004,2026-04-24,10654.34,Maintenance,NT30
SAP,INV-000032,V100004,2026-09-04,23437.26,Glass bottles,NT30
SAP,INV-000033,V100004,2026-04-26,30953.11,Glass bottles,NT30
SAP,INV-000034,V100004,2025-10-08,43604.01,Cartons,NT30
SAP,INV-000035,V100004,2026-02-09,58676.25,Aluminium cans,NT30
SAP,INV-000036,V100004,2025-10-24,69729.44,Labels,NT30
SAP,INV-000037,V100005,2026-07-20,35356.01,Glass bottles,NT60
SAP,INV-000038,V100005,2025-12-04,50405.56,Maintenance,NT60
SAP,INV-000039,V100005,2026-05-10,42739.47,Freight,NT60
SAP,INV-000040,V100005,2026-01-26,6466.54,Aluminium cans,NT60
SAP,INV-000041,V100005,2025-10-24,13221.98,IT services,NT60
SAP,INV-000042,V100005,2026-08-21,48346.41,Aluminium cans,NT60
SAP,INV-000043,V100005,2026-02-24,50740.7,Maintenance,NT60
SAP,INV-000044,V100005,2026-08-04,16551.62,IT services,NT60
SAP,INV-000045,V100005,2026-09-17,62061.23,Freight,NT60
SAP,INV-000046,V100005,2026-06-01,79146.33,Maintenance,NT60
SAP,INV-000047,V100005,2026-03-12,87240.73,Raw materials,NT60
SAP,INV-000048,V100006,2026-04-09,88470.62,Aluminium cans,NT30
SAP,INV-000049,V100006,2025-11-14,3009.66,Labels,NT30
SAP,INV-000050,V100006,2025-12-10,58000.7,IT services,NT30
SAP,INV-000051,V100006,2026-03-28,76399.34,IT services,NT30
SAP,INV-000052,V100006,2026-04-07,23674.12,Raw materials,NT30
SAP,INV-000053,V100006,2026-01-16,19309.15,Labels,NT30
SAP,INV-000054,V100006,2025-12-04,83897.08,Cartons,NT30
SAP,INV-000055,V100007,2026-06-21,27004.22,IT services,NT30
SAP,INV-000056,V100007,2026-09-07,26534.52,Cartons,NT30
SAP,INV-000057,V100007,2026-06-16,46318.98,Aluminium cans,NT30
SAP,INV-000058,V100007,2026-01-19,11830.54,Aluminium cans,NT30
SAP,INV-000059,V100007,2026-09-04,26627.12,Maintenance,NT30
SAP,INV-000060,V100007,2025-11-01,32407.15,Aluminium cans,NT30
SAP,INV-000061,V100008,2026-02-21,30797.9,Freight,NT90
SAP,INV-000062,V100008,2025-11-30,27729.32,Glass bottles,NT90
SAP,INV-000063,V100008,2026-02-17,68905.81,IT services,NT90
SAP,INV-000064,V100008,2026-02-19,35477.35,Aluminium cans,NT90
SAP,INV-000065,V100008,2026-06-01,81076.66,Maintenance,NT90
SAP,INV-000066,V100008,2026-05-19,52919.03,Labels,NT90
SAP,INV-000067,V100008,2026-04-02,6706.81,Aluminium cans,NT90
SAP,INV-000068,V100008,2025-11-11,38821.94,Freight,NT90
SAP,INV-000069,V100008,2026-08-21,46336.21,Glass bottles,NT90
SAP,INV-000070,V100008,2026-01-01,42166.23,Aluminium cans,NT90
SAP,INV-000071,V100008,2026-01-02,56761.6,Raw materials,NT90
SAP,INV-000072,V100008,2026-01-19,77984.1,Freight,NT90
SAP,INV-000073,V100008,2026-05-21,48797.37,Glass bottles,NT90
SAP,INV-000074,V100009,2026-08-28,67518.72,Aluminium cans,NT45
SAP,INV-000075,V100009,2025-12-01,12010.56,IT services,NT45
SAP,INV-000076,V100009,2026-03-28,46255.26,Freight,NT45
SAP,INV-000077,V100009,2026-02-24,39194.65,Raw materials,NT45
SAP,INV-000078,V100009,2026-08-02,16170.6,Freight,NT45
SAP,INV-000079,V100010,2026-08-20,37251.2,Raw materials,NT90
SAP,INV-000080,V100010,2026-09-23,18113.79,Cartons,NT90
SAP,INV-000081,V100010,2026-07-10,35342.54,Labels,NT90
SAP,INV-000082,V100010,2026-09-22,45980.8,Raw materials,NT90
SAP,INV-000083,V100010,2025-11-16,89956.78,Glass bottles,NT90
SAP,INV-000084,V100010,2026-09-15,56312.33,Maintenance,NT90
SAP,INV-000085,V100010,2026-05-13,29822.64,Freight,NT90
SAP,INV-000086,V100010,2026-07-09,82142.01,Aluminium cans,NT90
SAP,INV-000087,V100010,2025-10-18,84843.31,Labels,NT90
SAP,INV-000088,V100010,2026-07-13,34419.61,Glass bottles,NT90
SAP,INV-000089,V100010,2026-07-22,65523.07,Raw materials,NT90
SAP,INV-000090,V100010,2026-07-07,73713.25,IT services,NT90
SAP,INV-000091,V100010,2026-08-13,66829.54,Aluminium cans,NT90
SAP,INV-000092,V100011,2025-10-26,5118.63,Freight,NT60
SAP,INV-000093,V100011,2026-01-13,57101.8,Aluminium cans,NT60
SAP,INV-000094,V100011,2026-09-21,31376.73,Freight,NT60
SAP,INV-000095,V100012,2026-03-02,16886.98,IT services,NT90
SAP,INV-000096,V100012,2025-12-21,13298.39,Freight,NT90
SAP,INV-000097,V100012,2025-12-26,81121.2,Glass bottles,NT90
SAP,INV-000098,V100012,2026-04-11,24193.29,Glass bottles,NT90
SAP,INV-000099,V100012,2026-04-22,68531.39,Glass bottles,NT90
SAP,INV-000100,V100012,2025-11-21,48633.21,Cartons,NT90
SAP,INV-000101,V100013,2026-08-28,37677.3,Freight,NT60
SAP,INV-000102,V100013,2026-05-10,67072.82,Glass bottles,NT60
SAP,INV-000103,V100013,2025-12-13,54388.41,Labels,NT60
SAP,INV-000104,V100013,2026-04-27,71601.36,Maintenance,NT60
SAP,INV-000105,V100013,2025-11-03,65284.02,Freight,NT60
SAP,INV-000106,V100013,2026-09-16,4706.01,Labels,NT60
SAP,INV-000107,V100013,2025-11-25,42489.18,Freight,NT60
SAP,INV-000108,V100013,2025-11-03,28085.23,Freight,NT60
SAP,INV-000109,V100013,2026-08-08,71796.56,Glass bottles,NT60
SAP,INV-000110,V100013,2026-06-09,56969.98,Raw materials,NT60
SAP,INV-000111,V100013,2026-07-02,37626.48,Glass bottles,NT60
SAP,INV-000112,V100013,2025-10-30,32010.69,Raw materials,NT60
SAP,INV-000113,V100014,2026-09-21,21818.75,Cartons,NT60
SAP,INV-000114,V100014,2026-05-09,6617.34,Freight,NT60
SAP,INV-000115,V100014,2026-07-09,47671.3,Glass bottles,NT60
SAP,INV-000116,V100014,2026-04-21,55697.99,Raw materials,NT60
SAP,INV-000117,V100014,2026-08-13,76728.21,Freight,NT60
SAP,INV-000118,V100014,2025-10-10,32430.55,Glass bottles,NT60
SAP,INV-000119,V100014,2026-01-13,78621.43,Freight,NT60
SAP,INV-000120,V100014,2026-07-23,45221.06,Glass bottles,NT60
SAP,INV-000121,V100014,2025-11-10,73875.43,Cartons,NT60
SAP,INV-000122,V100014,2026-08-21,17115.42,Aluminium cans,NT60
SAP,INV-000123,V100014,2026-03-03,9790.32,Labels,NT60
SAP,INV-000124,V100014,2025-11-13,71663.1,Aluminium cans,NT60
SAP,INV-000125,V100014,2026-05-27,12111.56,Labels,NT60
SAP,INV-000126,V100015,2026-04-13,33204.4,Cartons,NT45
SAP,INV-000127,V100015,2026-02-04,56250.92,Labels,NT45
SAP,INV-000128,V100015,2026-01-21,31819.97,Freight,NT45
SAP,INV-000129,V100015,2025-11-19,10805.85,Freight,NT45
SAP,INV-000130,V100015,2026-05-14,65673.51,IT services,NT45
SAP,INV-000131,V100015,2025-10-12,51213.55,Freight,NT45
SAP,INV-000132,V100015,2026-05-02,58654.42,IT services,NT45
SAP,INV-000133,V100015,2025-11-22,78787.67,Cartons,NT45
SAP,INV-000134,V100016,2026-03-02,67930.89,Aluminium cans,NT30
SAP,INV-000135,V100016,2025-10-11,28995.79,Aluminium cans,NT30
SAP,INV-000136,V100016,2025-11-13,3900.36,Cartons,NT30
SAP,INV-000137,V100016,2026-06-28,40730.34,Glass bottles,NT30
SAP,INV-000138,V100016,2026-02-09,13672.22,Cartons,NT30
SAP,INV-000139,V100016,2026-06-21,16403.15,Cartons,NT30
SAP,INV-000140,V100017,2026-08-23,6827.77,IT services,NT30
SAP,INV-000141,V100017,2026-03-29,29436.48,Maintenance,NT30
SAP,INV-000142,V100017,2026-01-02,63469.33,Maintenance,NT30
SAP,INV-000143,V100017,2026-07-15,56282.71,Aluminium cans,NT30
SAP,INV-000144,V100017,2025-10-05,74514.02,Maintenance,NT30
SAP,INV-000145,V100017,2026-04-21,40669.33,IT services,NT30
SAP,INV-000146,V100017,2026-07-24,81584.11,Aluminium cans,NT30
SAP,INV-000147,V100017,2026-03-09,89557.39,Aluminium cans,NT30
SAP,INV-000148,V100017,2025-11-15,68461.35,Raw materials,NT30
SAP,INV-000149,V100017,2025-12-13,72604.89,Raw materials,NT30
SAP,INV-000150,V100018,2025-11-21,82234.25,Glass bottles,NT30
SAP,INV-000151,V100018,2026-07-06,82453.71,Glass bottles,NT30
SAP,INV-000152,V100018,2026-06-06,36947.82,Raw materials,NT30
SAP,INV-000153,V100018,2026-01-14,60255.93,Maintenance,NT30
SAP,INV-000154,V100018,2026-06-29,83080.2,Raw materials,NT30
SAP,INV-000155,V100018,2026-08-25,37352.79,Labels,NT30
SAP,INV-000156,V100018,2026-09-17,48419.12,Raw materials,NT30
SAP,INV-000157,V100018,2026-06-27,44367.13,Raw materials,NT30
SAP,INV-000158,V100018,2026-09-22,21660.53,Freight,NT30
SAP,INV-000159,V100018,2026-07-20,13725.69,IT services,NT30
SAP,INV-000160,V100018,2026-02-01,1630.56,Aluminium cans,NT30
SAP,INV-000161,V100018,2026-01-31,25907.88,Aluminium cans,NT30
SAP,INV-000162,V100019,2026-02-16,57399.55,Labels,NT45
SAP,INV-000163,V100019,2026-05-06,13445.53,Maintenance,NT45
SAP,INV-000164,V100019,2026-03-30,87345.7,Freight,NT45
SAP,INV-000165,V100019,2026-06-15,79005.14,Maintenance,NT45
SAP,INV-000166,V100019,2026-07-26,51673.55,IT services,NT45
SAP,INV-000167,V100019,2025-11-17,81496.71,Maintenance,NT45
SAP,INV-000168,V100019,2026-05-15,75431.63,Glass bottles,NT45
SAP,INV-000169,V100020,2026-07-17,32142.16,Cartons,NT45
SAP,INV-000170,V100020,2026-09-07,3440.83,Aluminium cans,NT45
SAP,INV-000171,V100020,2026-04-21,7630.47,Freight,NT45
SAP,INV-000172,V100020,2026-06-04,74213.32,Freight,NT45
SAP,INV-000173,V100020,2026-06-15,84320.72,Maintenance,NT45
SAP,INV-000174,V100020,2026-09-08,64452.39,Freight,NT45
SAP,INV-000175,V100020,2026-04-02,28357.95,Cartons,NT45
SAP,INV-000176,V100020,2026-04-26,6028.96,Labels,NT45
SAP,INV-000177,V100020,2026-01-28,72256.61,IT services,NT45
SAP,INV-000178,V100020,2025-12-16,56763.03,Raw materials,NT45
SAP,INV-000179,V100020,2026-01-15,21356.97,Glass bottles,NT45
SAP,INV-000180,V100020,2026-03-22,29216.09,Raw materials,NT45
SAP,INV-000181,V100021,2025-10-27,17975.03,Freight,NT90
SAP,INV-000182,V100021,2026-08-19,46912.26,Labels,NT90
SAP,INV-000183,V100021,2026-02-11,88966.01,Glass bottles,NT90
SAP,INV-000184,V100021,2026-06-21,67042.63,Maintenance,NT90
SAP,INV-000185,V100021,2026-07-25,39824.53,Cartons,NT90
SAP,INV-000186,V100021,2026-03-11,23279.65,Raw materials,NT90
SAP,INV-000187,V100021,2026-05-04,40434.47,Raw materials,NT90
SAP,INV-000188,V100021,2026-04-13,47654.16,Raw materials,NT90
SAP,INV-000189,V100021,2025-11-14,51235.8,Cartons,NT90
SAP,INV-000190,V100021,2026-01-06,89581.36,Labels,NT90
SAP,INV-000191,V100021,2026-03-15,28382.6,Maintenance,NT90
SAP,INV-000192,V100022,2026-07-17,40734.36,Aluminium cans,NT30
SAP,INV-000193,V100022,2026-04-23,85098.07,Glass bottles,NT30
SAP,INV-000194,V100022,2026-09-22,39254.51,Raw materials,NT30
SAP,INV-000195,V100022,2026-05-16,19059.0,Aluminium cans,NT30
SAP,INV-000196,V100022,2025-11-20,56961.66,Raw materials,NT30
SAP,INV-000197,V100022,2026-04-16,66723.96,Cartons,NT30
SAP,INV-000198,V100022,2025-12-02,22544.69,IT services,NT30
SAP,INV-000199,V100022,2026-06-12,69556.6,Glass bottles,NT30
SAP,INV-000200,V100023,2026-09-21,36867.56,Freight,NT60
SAP,INV-000201,V100023,2026-05-04,69385.46,Aluminium cans,NT60
SAP,INV-000202,V100023,2026-08-10,73758.96,IT services,NT60
SAP,INV-000203,V100023,2026-02-17,38782.24,IT services,NT60
SAP,INV-000204,V100023,2025-12-12,44000.79,Cartons,NT60
SAP,INV-000205,V100023,2025-11-09,11883.27,Aluminium cans,NT60
SAP,INV-000206,V100023,2026-04-27,22966.48,Maintenance,NT60
SAP,INV-000207,V100023,2026-04-23,81619.65,Freight,NT60
SAP,INV-000208,V100024,2025-10-25,31451.8,IT services,NT60
SAP,INV-000209,V100024,2025-11-09,43027.25,Labels,NT60
SAP,INV-000210,V100024,2026-01-10,86533.03,Glass bottles,NT60
SAP,INV-000211,V100024,2026-03-10,73266.59,Freight,NT60
SAP,INV-000212,V100025,2026-03-16,63785.98,Aluminium cans,NT45
SAP,INV-000213,V100025,2025-11-11,87278.21,Raw materials,NT45
SAP,INV-000214,V100025,2026-09-06,9847.81,Maintenance,NT45
SAP,INV-000215,V100025,2026-07-23,11367.36,Raw materials,NT45
SAP,INV-000216,V100025,2025-11-10,41590.64,Aluminium cans,NT45
SAP,INV-000217,V100025,2026-02-28,71509.89,Freight,NT45
SAP,INV-000218,V100025,2025-11-06,23945.42,Glass bottles,NT45
SAP,INV-000219,V100025,2026-02-08,31656.7,Maintenance,NT45
SAP,INV-000220,V100025,2026-02-06,2152.89,Maintenance,NT45
SAP,INV-000221,V100026,2026-01-07,47975.3,IT services,NT90
SAP,INV-000222,V100026,2026-08-26,38329.84,Aluminium cans,NT90
SAP,INV-000223,V100026,2026-02-28,20238.99,Labels,NT90
SAP,INV-000224,V100026,2026-05-17,60720.16,Aluminium cans,NT90
SAP,INV-000225,V100026,2026-05-25,80619.48,Raw materials,NT90
SAP,INV-000226,V100027,2026-03-15,62109.47,Maintenance,NT60
SAP,INV-000227,V100027,2025-10-18,14185.69,Labels,NT60
SAP,INV-000228,V100027,2026-08-28,23790.1,Freight,NT60
SAP,INV-000229,V100027,2026-07-28,32264.3,Raw materials,NT60
SAP,INV-000230,V100027,2026-01-27,51210.69,Cartons,NT60
SAP,INV-000231,V100027,2025-10-14,77352.86,Glass bottles,NT60
SAP,INV-000232,V100027,2026-01-17,23170.45,Freight,NT60
SAP,INV-000233,V100027,2026-09-21,82040.43,Labels,NT60
SAP,INV-000234,V100027,2026-09-28,73334.99,Glass bottles,NT60
SAP,INV-000235,V100027,2026-01-20,59610.8,IT services,NT60
SAP,INV-000236,V100028,2026-04-11,23875.23,Raw materials,NT60
SAP,INV-000237,V100028,2026-08-12,26565.15,Cartons,NT60
SAP,INV-000238,V100028,2026-06-23,76895.3,Glass bottles,NT60
SAP,INV-000239,V100028,2026-09-03,57710.86,Raw materials,NT60
SAP,INV-000240,V100028,2026-09-21,6839.99,Aluminium cans,NT60
SAP,INV-000241,V100028,2026-03-13,88031.95,Maintenance,NT60
SAP,INV-000242,V100028,2026-06-28,44942.33,Maintenance,NT60
SAP,INV-000243,V100029,2025-12-18,36948.09,Aluminium cans,NT60
SAP,INV-000244,V100029,2026-02-13,37069.71,Freight,NT60
SAP,INV-000245,V100029,2025-10-23,89815.01,IT services,NT60
SAP,INV-000246,V100029,2026-07-31,70743.91,IT services,NT60
SAP,INV-000247,V100029,2026-09-29,30676.07,Labels,NT60
SAP,INV-000248,V100029,2026-09-20,64588.0,IT services,NT60
SAP,INV-000249,V100029,2026-08-16,73104.5,Maintenance,NT60
SAP,INV-000250,V100029,2026-05-03,83712.16,Aluminium cans,NT60
SAP,INV-000251,V100029,2026-06-24,42740.93,Maintenance,NT60
SAP,INV-000252,V100030,2026-05-14,57433.66,Labels,NT30
SAP,INV-000253,V100030,2026-01-29,65950.7,Aluminium cans,NT30
SAP,INV-000254,V100030,2026-07-14,77517.46,Glass bottles,NT30
SAP,INV-000255,V100030,2026-08-25,50275.18,Cartons,NT30
SAP,INV-000256,V100031,2026-09-04,81852.54,IT services,NT90
SAP,INV-000257,V100031,2026-08-22,75057.75,Raw materials,NT90
SAP,INV-000258,V100031,2026-06-28,33096.03,IT services,NT90
SAP,INV-000259,V100031,2026-08-09,85501.27,Aluminium cans,NT90
SAP,INV-000260,V100031,2026-06-30,27724.97,Aluminium cans,NT90
SAP,INV-000261,V100031,2025-11-08,35303.77,IT services,NT90
SAP,INV-000262,V100031,2026-01-25,73407.16,Glass bottles,NT90
SAP,INV-000263,V100031,2025-10-20,63329.95,Labels,NT90
SAP,INV-000264,V100032,2026-05-02,6968.03,Cartons,NT90
SAP,INV-000265,V100032,2026-04-24,76686.88,IT services,NT90
SAP,INV-000266,V100032,2025-12-15,36259.31,IT services,NT90
SAP,INV-000267,V100032,2026-05-25,43459.65,Labels,NT90
SAP,INV-000268,V100032,2026-08-29,69770.29,IT services,NT90
SAP,INV-000269,V100032,2026-06-25,27443.68,IT services,NT90
SAP,INV-000270,V100032,2026-08-30,70801.91,Glass bottles,NT90
SAP,INV-000271,V100033,2026-01-11,27568.22,Aluminium cans,NT90
SAP,INV-000272,V100033,2026-01-23,1811.27,Glass bottles,NT90
SAP,INV-000273,V100033,2026-04-15,48582.02,Labels,NT90
SAP,INV-000274,V100033,2026-04-28,72097.95,Glass bottles,NT90
SAP,INV-000275,V100033,2025-10-18,38440.8,Maintenance,NT90
SAP,INV-000276,V100033,2026-08-18,6369.0,Labels,NT90
SAP,INV-000277,V100033,2026-09-07,65198.93,IT services,NT90
SAP,INV-000278,V100034,2025-11-11,40327.79,Freight,NT30
SAP,INV-000279,V100034,2025-11-14,36434.36,Aluminium cans,NT30
SAP,INV-000280,V100034,2025-10-31,26496.05,IT services,NT30
SAP,INV-000281,V100034,2026-01-17,64929.95,Raw materials,NT30
SAP,INV-000282,V100034,2025-11-02,21020.24,Maintenance,NT30
SAP,INV-000283,V100034,2026-02-28,2523.15,IT services,NT30
SAP,INV-000284,V100034,2025-11-23,81673.42,Labels,NT30
SAP,INV-000285,V100034,2026-06-06,14593.03,Labels,NT30
SAP,INV-000286,V100034,2026-03-07,6743.41,Maintenance,NT30
SAP,INV-000287,V100034,2026-07-12,18988.14,Aluminium cans,NT30
SAP,INV-000288,V100034,2025-12-23,33493.28,IT services,NT30
SAP,INV-000289,V100034,2025-12-02,76785.18,Freight,NT30
SAP,INV-000290,V100034,2026-05-26,6163.18,Maintenance,NT30
SAP,INV-000291,V100034,2025-12-28,11288.74,Aluminium cans,NT30
D365,INV-000292,CUST-000002,2026-07-12,59906.37,Aluminium cans,NT30
D365,INV-000293,CUST-000002,2026-04-21,58343.51,Glass bottles,NT30
D365,INV-000294,CUST-000002,2026-09-18,79482.48,Raw materials,NT30
D365,INV-000295,CUST-000002,2025-12-26,79098.72,IT services,NT30
D365,INV-000296,CUST-000002,2026-05-02,6780.67,Glass bottles,NT30
D365,INV-000297,CUST-000002,2025-11-21,86367.0,Cartons,NT30
D365,INV-000298,CUST-000002,2025-12-17,41201.94,Cartons,NT30
D365,INV-000299,CUST-000002,2026-04-23,16992.58,Aluminium cans,NT30
D365,INV-000300,CUST-000002,2026-07-19,59580.25,Freight,NT30
D365,INV-000301,CUST-000002,2025-11-28,68141.37,Maintenance,NT30
D365,INV-000302,CUST-000002,2026-04-14,67327.65,IT services,NT30
D365,INV-000303,CUST-000002,2026-01-19,6549.48,Raw materials,NT30
D365,INV-000304,CUST-000003,2026-07-31,22674.25,Raw materials,NT45
D365,INV-000305,CUST-000003,2025-11-06,49256.37,Glass bottles,NT45
D365,INV-000306,CUST-000003,2026-09-02,39804.11,Aluminium cans,NT45
D365,INV-000307,CUST-000003,2026-08-25,88988.36,Cartons,NT45
D365,INV-000308,CUST-000003,2025-11-01,70539.54,Aluminium cans,NT45
D365,INV-000309,CUST-000003,2026-09-21,40935.86,IT services,NT45
D365,INV-000310,CUST-000003,2026-09-19,30323.74,Aluminium cans,NT45
D365,INV-000311,CUST-000003,2025-12-01,47867.13,Labels,NT45
D365,INV-000312,CUST-000003,2026-08-28,11020.31,Maintenance,NT45
D365,INV-000313,CUST-000003,2026-05-27,65399.16,Labels,NT45
D365,INV-000314,CUST-000003,2026-07-03,27124.52,Glass bottles,NT45
D365,INV-000315,CUST-000003,2025-11-19,22536.4,IT services,NT45
D365,INV-000316,CUST-000003,2025-12-15,29133.4,Maintenance,NT45
D365,INV-000317,CUST-000004,2026-01-05,14233.0,Raw materials,NT30
D365,INV-000318,CUST-000004,2025-12-08,15895.4,Glass bottles,NT30
D365,INV-000319,CUST-000004,2026-08-03,65643.51,Maintenance,NT30
D365,INV-000320,CUST-000004,2026-03-01,20374.12,Aluminium cans,NT30
D365,INV-000321,CUST-000004,2026-03-01,4569.26,Maintenance,NT30
D365,INV-000322,CUST-000004,2026-03-13,35289.25,Cartons,NT30
D365,INV-000323,CUST-000004,2026-08-30,33726.22,IT services,NT30
D365,INV-000324,CUST-000004,2026-04-03,31443.53,Labels,NT30
D365,INV-000325,CUST-000004,2026-01-13,28731.9,IT services,NT30
D365,INV-000326,CUST-000004,2026-07-19,59465.33,Cartons,NT30
D365,INV-000327,CUST-000004,2025-11-18,42547.52,Glass bottles,NT30
D365,INV-000328,CUST-000005,2025-11-04,12404.63,Maintenance,NT90
D365,INV-000329,CUST-000005,2026-06-05,53126.79,Raw materials,NT90
D365,INV-000330,CUST-000005,2026-08-30,79291.89,Labels,NT90
D365,INV-000331,CUST-000005,2026-07-08,7755.66,Maintenance,NT90
D365,INV-000332,CUST-000005,2026-08-10,53671.55,Raw materials,NT90
D365,INV-000333,CUST-000005,2026-05-22,49987.71,IT services,NT90
D365,INV-000334,CUST-000005,2026-04-12,81386.24,Freight,NT90
D365,INV-000335,CUST-000005,2026-05-18,88772.94,Cartons,NT90
D365,INV-000336,CUST-000005,2026-03-26,37837.73,Labels,NT90
D365,INV-000337,CUST-000005,2026-05-12,4804.73,Cartons,NT90
D365,INV-000338,CUST-000005,2026-07-27,10948.08,Glass bottles,NT90
D365,INV-000339,CUST-000005,2026-01-19,54382.93,Freight,NT90
D365,INV-000340,CUST-000006,2026-04-28,55280.51,Cartons,NT90
D365,INV-000341,CUST-000006,2026-04-09,34496.06,Cartons,NT90
D365,INV-000342,CUST-000006,2026-03-01,74779.66,Freight,NT90
D365,INV-000343,CUST-000006,2026-01-21,1954.8,IT services,NT90
D365,INV-000344,CUST-000006,2026-03-11,5834.23,Maintenance,NT90
D365,INV-000345,CUST-000006,2025-11-22,76071.02,Freight,NT90
D365,INV-000346,CUST-000006,2025-11-14,62625.28,Labels,NT90
D365,INV-000347,CUST-000006,2026-01-09,76306.84,Glass bottles,NT90
D365,INV-000348,CUST-000007,2025-10-10,84423.51,Aluminium cans,NT45
D365,INV-000349,CUST-000007,2026-02-07,21614.5,Glass bottles,NT45
D365,INV-000350,CUST-000007,2025-11-05,25655.24,Glass bottles,NT45
D365,INV-000351,CUST-000007,2026-01-20,11826.07,Maintenance,NT45
D365,INV-000352,CUST-000007,2026-04-07,27928.79,IT services,NT45
D365,INV-000353,CUST-000007,2026-09-07,68415.26,Maintenance,NT45
D365,INV-000354,CUST-000007,2026-04-18,85771.22,Cartons,NT45
D365,INV-000355,CUST-000007,2026-08-24,38876.67,Maintenance,NT45
D365,INV-000356,CUST-000007,2026-02-04,77949.17,Glass bottles,NT45
D365,INV-000357,CUST-000007,2026-03-08,11669.34,Maintenance,NT45
D365,INV-000358,CUST-000007,2025-10-07,11009.83,Labels,NT45
D365,INV-000359,CUST-000007,2025-11-02,6342.05,Glass bottles,NT45
D365,INV-000360,CUST-000007,2026-02-17,64209.07,Cartons,NT45
D365,INV-000361,CUST-000007,2026-02-28,7750.09,Aluminium cans,NT45
D365,INV-000362,CUST-000008,2026-03-27,68014.27,Freight,NT30
D365,INV-000363,CUST-000008,2026-05-25,5162.16,Labels,NT30
D365,INV-000364,CUST-000008,2026-08-03,14260.81,IT services,NT30
D365,INV-000365,CUST-000009,2026-08-25,57863.33,Aluminium cans,NT45
D365,INV-000366,CUST-000009,2026-04-02,69995.92,Freight,NT45
D365,INV-000367,CUST-000009,2026-07-07,40642.41,Labels,NT45
D365,INV-000368,CUST-000010,2026-09-06,82984.76,Glass bottles,NT60
D365,INV-000369,CUST-000010,2026-02-20,65811.52,Raw materials,NT60
D365,INV-000370,CUST-000010,2026-05-27,59680.77,Cartons,NT60
D365,INV-000371,CUST-000011,2026-02-04,42318.04,Cartons,NT45
D365,INV-000372,CUST-000011,2025-11-26,57174.91,Cartons,NT45
D365,INV-000373,CUST-000011,2026-08-18,87031.11,Freight,NT45
D365,INV-000374,CUST-000011,2026-03-21,32031.13,Labels,NT45
D365,INV-000375,CUST-000011,2026-06-27,58479.44,Raw materials,NT45
D365,INV-000376,CUST-000011,2025-12-15,88863.08,Maintenance,NT45
D365,INV-000377,CUST-000011,2026-01-22,71517.54,Freight,NT45
D365,INV-000378,CUST-000011,2025-12-29,86573.84,IT services,NT45
D365,INV-000379,CUST-000011,2025-11-16,54987.4,Freight,NT45
D365,INV-000380,CUST-000011,2026-08-22,49926.71,Cartons,NT45
D365,INV-000381,CUST-000011,2025-10-07,86646.9,Cartons,NT45
D365,INV-000382,CUST-000011,2026-07-17,22670.98,Glass bottles,NT45
D365,INV-000383,CUST-000012,2026-03-22,14413.85,Labels,NT90
D365,INV-000384,CUST-000012,2026-04-23,1992.43,Raw materials,NT90
D365,INV-000385,CUST-000012,2026-03-17,65984.7,Freight,NT90
D365,INV-000386,CUST-000012,2025-11-21,10108.61,Cartons,NT90
D365,INV-000387,CUST-000012,2026-03-24,19501.71,IT services,NT90
D365,INV-000388,CUST-000035,2026-02-17,11441.07,IT services,NT90
D365,INV-000389,CUST-000035,2026-08-16,22585.09,Freight,NT90
D365,INV-000390,CUST-000035,2025-11-18,5440.11,Labels,NT90
D365,INV-000391,CUST-000035,2026-01-02,13697.34,Glass bottles,NT90
D365,INV-000392,CUST-000035,2026-01-20,80769.85,Freight,NT90
D365,INV-000393,CUST-000035,2026-06-28,21322.96,Labels,NT90
D365,INV-000394,CUST-000035,2026-01-17,73698.47,Freight,NT90
D365,INV-000395,CUST-000035,2026-06-04,11710.42,Aluminium cans,NT90
D365,INV-000396,CUST-000035,2025-11-08,20394.03,Glass bottles,NT90
SAP,INV-000397,V100002,2026-05-15,77986.62,Glass bottles,NT60
SAP,INV-000398,V100002,2026-04-24,51616.35,Glass bottles,NT60
SAP,INV-000399,V100002,2025-12-19,118975.05,Glass bottles,NT60
SAP,INV-000400,V100002,2026-02-14,103881.11,Glass bottles,NT60
SAP,INV-000401,V100002,2025-11-21,85211.1,Glass bottles,NT60
SAP,INV-000402,V100002,2025-11-17,79310.99,Glass bottles,NT60
SAP,INV-000403,V100002,2026-02-06,112005.93,Glass bottles,NT60
SAP,INV-000404,V100002,2026-03-15,131427.0,Glass bottles,NT60
SAP,INV-000405,V100002,2026-04-17,107707.37,Glass bottles,NT60
SAP,INV-000406,V100002,2026-04-30,149867.73,Glass bottles,NT60
SAP,INV-000407,V100002,2026-09-23,148027.78,Glass bottles,NT60
SAP,INV-000408,V100002,2026-04-26,61448.84,Glass bottles,NT60
SAP,INV-000409,V100002,2026-04-12,128563.05,Glass bottles,NT60
SAP,INV-000410,V100002,2026-06-17,146163.18,Glass bottles,NT60
SAP,INV-000411,V100002,2026-01-27,154977.13,Glass bottles,NT60
SAP,INV-000412,V100002,2026-09-25,55510.3,Glass bottles,NT60
SAP,INV-000413,V100002,2026-09-13,165707.89,Glass bottles,NT60
SAP,INV-000414,V100002,2025-10-26,123666.26,Glass bottles,NT60
SAP,INV-000415,V100002,2026-08-08,113808.84,Glass bottles,NT60
SAP,INV-000416,V100002,2026-08-22,91077.6,Glass bottles,NT60
SAP,INV-000417,V100002,2026-02-23,92350.34,Glass bottles,NT60
SAP,INV-000418,V100002,2026-05-20,141984.93,Glass bottles,NT60
D365,INV-000419,CUST-000002,2026-02-11,75702.7,Glass bottles,NT30
D365,INV-000420,CUST-000002,2025-10-23,71240.23,Glass bottles,NT30
D365,INV-000421,CUST-000002,2026-05-25,20077.64,Glass bottles,NT30
D365,INV-000422,CUST-000002,2026-08-20,50036.3,Glass bottles,NT30
D365,INV-000423,CUST-000002,2026-07-08,61234.29,Glass bottles,NT30
D365,INV-000424,CUST-000002,2026-01-15,39400.31,Glass bottles,NT30
D365,INV-000425,CUST-000002,2025-10-18,88595.57,Glass bottles,NT30
D365,INV-000426,CUST-000002,2025-10-20,23963.01,Glass bottles,NT30
D365,INV-000427,CUST-000002,2026-09-10,56554.51,Glass bottles,NT30
